{"cameraMode":{"drawMode":0,"name":"Shaded","section":"Shading Mode"},"sceneLighting":false,"audioPlay":false,"sceneViewState":{"m_AlwaysRefresh":false,"showFog":true,"showSkybox":false,"showFlares":true,"showImageEffects":true,"showParticleSystems":true,"showVisualEffectGraphs":true,"m_FxEnabled":true},"in2DMode":false,"pivot":{"x":-0.009803295135498047,"y":0.8628993034362793,"z":-0.02538585662841797},"rotation":{"x":0.04514329135417938,"y":0.950107753276825,"z":-0.1640707403421402,"w":0.2614165246486664},"size":7.076169490814209,"orthographic":false}